Column1,Column2,Column3,Column4,Column5,Column6,Column7,Column8,Column9,Column10,Column11
VALIDATION,gs://nflt-alrp-testing/Cars0.png,,,,,,,,,
VALIDATION,gs://nflt-alrp-testing/Cars1.png,,,,,,,,,
VALIDATION,gs://nflt-alrp-testing/Cars2.png,,,,,,,,,
VALIDATION,gs://nflt-alrp-testing/Cars3.png,,,,,,,,,
VALIDATION,gs://nflt-alrp-testing/Cars4.png,,,,,,,,,
VALIDATION,gs://nflt-alrp-testing/Cars5.png,,,,,,,,,
VALIDATION,gs://nflt-alrp-testing/Cars6.png,,,,,,,,,
VALIDATION,gs://nflt-alrp-testing/Cars7.png,,,,,,,,,
VALIDATION,gs://nflt-alrp-testing/Cars8.png,,,,,,,,,
VALIDATION,gs://nflt-alrp-testing/Cars9.png,,,,,,,,,
VALIDATION,gs://nflt-alrp-testing/Cars10.png,,,,,,,,,
VALIDATION,gs://nflt-alrp-testing/Cars11.png,,,,,,,,,
VALIDATION,gs://nflt-alrp-testing/Cars12.png,,,,,,,,,
VALIDATION,gs://nflt-alrp-testing/Cars13.png,,,,,,,,,
VALIDATION,gs://nflt-alrp-testing/Cars14.png,,,,,,,,,
VALIDATION,gs://nflt-alrp-testing/Cars15.png,,,,,,,,,
VALIDATION,gs://nflt-alrp-testing/Cars16.png,,,,,,,,,
VALIDATION,gs://nflt-alrp-testing/Cars17.png,,,,,,,,,
VALIDATION,gs://nflt-alrp-testing/Cars18.png,,,,,,,,,
VALIDATION,gs://nflt-alrp-testing/Cars19.png,,,,,,,,,
VALIDATION,gs://nflt-alrp-testing/Cars20.png,,,,,,,,,
VALIDATION,gs://nflt-alrp-testing/Cars21.png,,,,,,,,,
VALIDATION,gs://nflt-alrp-testing/Cars22.png,,,,,,,,,
VALIDATION,gs://nflt-alrp-testing/Cars23.png,,,,,,,,,
VALIDATION,gs://nflt-alrp-testing/Cars24.png,,,,,,,,,
VALIDATION,gs://nflt-alrp-testing/Cars25.png,,,,,,,,,
VALIDATION,gs://nflt-alrp-testing/Cars26.png,,,,,,,,,
VALIDATION,gs://nflt-alrp-testing/Cars27.png,,,,,,,,,
VALIDATION,gs://nflt-alrp-testing/Cars28.png,,,,,,,,,
VALIDATION,gs://nflt-alrp-testing/Cars29.png,,,,,,,,,
VALIDATION,gs://nflt-alrp-testing/Cars30.png,,,,,,,,,
VALIDATION,gs://nflt-alrp-testing/Cars31.png,,,,,,,,,
VALIDATION,gs://nflt-alrp-testing/Cars32.png,,,,,,,,,
VALIDATION,gs://nflt-alrp-testing/Cars33.png,,,,,,,,,
VALIDATION,gs://nflt-alrp-testing/Cars34.png,,,,,,,,,
VALIDATION,gs://nflt-alrp-testing/Cars35.png,,,,,,,,,
VALIDATION,gs://nflt-alrp-testing/Cars36.png,,,,,,,,,
VALIDATION,gs://nflt-alrp-testing/Cars37.png,,,,,,,,,
VALIDATION,gs://nflt-alrp-testing/Cars38.png,,,,,,,,,
VALIDATION,gs://nflt-alrp-testing/Cars39.png,,,,,,,,,
VALIDATION,gs://nflt-alrp-testing/Cars40.png,,,,,,,,,
VALIDATION,gs://nflt-alrp-testing/Cars41.png,,,,,,,,,
VALIDATION,gs://nflt-alrp-testing/Cars42.png,,,,,,,,,
VALIDATION,gs://nflt-alrp-testing/Cars43.png,,,,,,,,,
VALIDATION,gs://nflt-alrp-testing/Cars44.png,,,,,,,,,
VALIDATION,gs://nflt-alrp-testing/Cars45.png,,,,,,,,,
VALIDATION,gs://nflt-alrp-testing/Cars46.png,,,,,,,,,
VALIDATION,gs://nflt-alrp-testing/Cars47.png,,,,,,,,,
VALIDATION,gs://nflt-alrp-testing/Cars48.png,,,,,,,,,
VALIDATION,gs://nflt-alrp-testing/Cars49.png,,,,,,,,,
VALIDATION,gs://nflt-alrp-testing/Cars50.png,,,,,,,,,
VALIDATION,gs://nflt-alrp-testing/Cars51.png,,,,,,,,,
VALIDATION,gs://nflt-alrp-testing/Cars52.png,,,,,,,,,
VALIDATION,gs://nflt-alrp-testing/Cars53.png,,,,,,,,,
VALIDATION,gs://nflt-alrp-testing/Cars54.png,,,,,,,,,
VALIDATION,gs://nflt-alrp-testing/Cars55.png,,,,,,,,,
VALIDATION,gs://nflt-alrp-testing/Cars56.png,,,,,,,,,
VALIDATION,gs://nflt-alrp-testing/Cars57.png,,,,,,,,,
VALIDATION,gs://nflt-alrp-testing/Cars58.png,,,,,,,,,
VALIDATION,gs://nflt-alrp-testing/Cars59.png,,,,,,,,,
VALIDATION,gs://nflt-alrp-testing/Cars60.png,,,,,,,,,
VALIDATION,gs://nflt-alrp-testing/Cars61.png,,,,,,,,,
VALIDATION,gs://nflt-alrp-testing/Cars62.png,,,,,,,,,
VALIDATION,gs://nflt-alrp-testing/Cars63.png,,,,,,,,,
VALIDATION,gs://nflt-alrp-testing/Cars64.png,,,,,,,,,
VALIDATION,gs://nflt-alrp-testing/Cars65.png,,,,,,,,,
VALIDATION,gs://nflt-alrp-testing/Cars66.png,,,,,,,,,
VALIDATION,gs://nflt-alrp-testing/Cars67.png,,,,,,,,,
VALIDATION,gs://nflt-alrp-testing/Cars68.png,,,,,,,,,
VALIDATION,gs://nflt-alrp-testing/Cars69.png,,,,,,,,,
TEST,gs://nflt-alrp-testing/Cars70.png,,,,,,,,,
TEST,gs://nflt-alrp-testing/Cars71.png,,,,,,,,,
TEST,gs://nflt-alrp-testing/Cars72.png,,,,,,,,,
TEST,gs://nflt-alrp-testing/Cars73.png,,,,,,,,,
TEST,gs://nflt-alrp-testing/Cars74.png,,,,,,,,,
TEST,gs://nflt-alrp-testing/Cars75.png,,,,,,,,,
TEST,gs://nflt-alrp-testing/Cars76.png,,,,,,,,,
TEST,gs://nflt-alrp-testing/Cars77.png,,,,,,,,,
TEST,gs://nflt-alrp-testing/Cars78.png,,,,,,,,,
TEST,gs://nflt-alrp-testing/Cars79.png,,,,,,,,,
TEST,gs://nflt-alrp-testing/Cars80.png,,,,,,,,,
TEST,gs://nflt-alrp-testing/Cars81.png,,,,,,,,,
TEST,gs://nflt-alrp-testing/Cars82.png,,,,,,,,,
TEST,gs://nflt-alrp-testing/Cars83.png,,,,,,,,,
TEST,gs://nflt-alrp-testing/Cars84.png,,,,,,,,,
TEST,gs://nflt-alrp-testing/Cars85.png,,,,,,,,,
TEST,gs://nflt-alrp-testing/Cars86.png,,,,,,,,,
TEST,gs://nflt-alrp-testing/Cars87.png,,,,,,,,,
TEST,gs://nflt-alrp-testing/Cars88.png,,,,,,,,,
TEST,gs://nflt-alrp-testing/Cars89.png,,,,,,,,,
TEST,gs://nflt-alrp-testing/Cars90.png,,,,,,,,,
TEST,gs://nflt-alrp-testing/Cars91.png,,,,,,,,,
TEST,gs://nflt-alrp-testing/Cars92.png,,,,,,,,,
TEST,gs://nflt-alrp-testing/Cars93.png,,,,,,,,,
TEST,gs://nflt-alrp-testing/Cars94.png,,,,,,,,,
TEST,gs://nflt-alrp-testing/Cars95.png,,,,,,,,,
TEST,gs://nflt-alrp-testing/Cars96.png,,,,,,,,,
TEST,gs://nflt-alrp-testing/Cars97.png,,,,,,,,,
TEST,gs://nflt-alrp-testing/Cars98.png,,,,,,,,,
TEST,gs://nflt-alrp-testing/Cars99.png,,,,,,,,,
TEST,gs://nflt-alrp-testing/Cars100.png,,,,,,,,,
TEST,gs://nflt-alrp-testing/Cars101.png,,,,,,,,,
TEST,gs://nflt-alrp-testing/Cars102.png,,,,,,,,,
TEST,gs://nflt-alrp-testing/Cars103.png,,,,,,,,,
TEST,gs://nflt-alrp-testing/Cars104.png,,,,,,,,,
TEST,gs://nflt-alrp-testing/Cars105.png,,,,,,,,,
TEST,gs://nflt-alrp-testing/Cars106.png,,,,,,,,,
TEST,gs://nflt-alrp-testing/Cars107.png,,,,,,,,,
TEST,gs://nflt-alrp-testing/Cars108.png,,,,,,,,,
TEST,gs://nflt-alrp-testing/Cars109.png,,,,,,,,,
TEST,gs://nflt-alrp-testing/Cars110.png,,,,,,,,,
TEST,gs://nflt-alrp-testing/Cars111.png,,,,,,,,,
TEST,gs://nflt-alrp-testing/Cars112.png,,,,,,,,,
TEST,gs://nflt-alrp-testing/Cars113.png,,,,,,,,,
TEST,gs://nflt-alrp-testing/Cars114.png,,,,,,,,,
TEST,gs://nflt-alrp-testing/Cars115.png,,,,,,,,,
UNASSIGNED,gs://nflt-alrp-testing/Cars116.png,,,,,,,,,
UNASSIGNED,gs://nflt-alrp-testing/Cars117.png,,,,,,,,,
UNASSIGNED,gs://nflt-alrp-testing/Cars118.png,,,,,,,,,
UNASSIGNED,gs://nflt-alrp-testing/Cars119.png,,,,,,,,,
UNASSIGNED,gs://nflt-alrp-testing/Cars120.png,,,,,,,,,
UNASSIGNED,gs://nflt-alrp-testing/Cars121.png,,,,,,,,,
UNASSIGNED,gs://nflt-alrp-testing/Cars122.png,,,,,,,,,
UNASSIGNED,gs://nflt-alrp-testing/Cars123.png,,,,,,,,,
UNASSIGNED,gs://nflt-alrp-testing/Cars124.png,,,,,,,,,
UNASSIGNED,gs://nflt-alrp-testing/Cars125.png,,,,,,,,,
UNASSIGNED,gs://nflt-alrp-testing/Cars126.png,,,,,,,,,
UNASSIGNED,gs://nflt-alrp-testing/Cars127.png,,,,,,,,,
UNASSIGNED,gs://nflt-alrp-testing/Cars128.png,,,,,,,,,
UNASSIGNED,gs://nflt-alrp-testing/Cars129.png,,,,,,,,,
UNASSIGNED,gs://nflt-alrp-testing/Cars130.png,,,,,,,,,
UNASSIGNED,gs://nflt-alrp-testing/Cars131.png,,,,,,,,,
UNASSIGNED,gs://nflt-alrp-testing/Cars132.png,,,,,,,,,
UNASSIGNED,gs://nflt-alrp-testing/Cars133.png,,,,,,,,,
UNASSIGNED,gs://nflt-alrp-testing/Cars134.png,,,,,,,,,
UNASSIGNED,gs://nflt-alrp-testing/Cars135.png,,,,,,,,,
UNASSIGNED,gs://nflt-alrp-testing/Cars136.png,,,,,,,,,
UNASSIGNED,gs://nflt-alrp-testing/Cars137.png,,,,,,,,,
UNASSIGNED,gs://nflt-alrp-testing/Cars138.png,,,,,,,,,
UNASSIGNED,gs://nflt-alrp-testing/Cars139.png,,,,,,,,,
UNASSIGNED,gs://nflt-alrp-testing/Cars140.png,,,,,,,,,
UNASSIGNED,gs://nflt-alrp-testing/Cars141.png,,,,,,,,,
UNASSIGNED,gs://nflt-alrp-testing/Cars142.png,,,,,,,,,
UNASSIGNED,gs://nflt-alrp-testing/Cars143.png,,,,,,,,,
UNASSIGNED,gs://nflt-alrp-testing/Cars144.png,,,,,,,,,
UNASSIGNED,gs://nflt-alrp-testing/Cars145.png,,,,,,,,,
UNASSIGNED,gs://nflt-alrp-testing/Cars146.png,,,,,,,,,
UNASSIGNED,gs://nflt-alrp-testing/Cars147.png,,,,,,,,,
UNASSIGNED,gs://nflt-alrp-testing/Cars148.png,,,,,,,,,
UNASSIGNED,gs://nflt-alrp-testing/Cars149.png,,,,,,,,,
UNASSIGNED,gs://nflt-alrp-testing/Cars150.png,,,,,,,,,
UNASSIGNED,gs://nflt-alrp-testing/Cars151.png,,,,,,,,,
UNASSIGNED,gs://nflt-alrp-testing/Cars152.png,,,,,,,,,
UNASSIGNED,gs://nflt-alrp-testing/Cars153.png,,,,,,,,,
UNASSIGNED,gs://nflt-alrp-testing/Cars154.png,,,,,,,,,
UNASSIGNED,gs://nflt-alrp-testing/Cars155.png,,,,,,,,,
UNASSIGNED,gs://nflt-alrp-testing/Cars156.png,,,,,,,,,
UNASSIGNED,gs://nflt-alrp-testing/Cars157.png,,,,,,,,,
UNASSIGNED,gs://nflt-alrp-testing/Cars158.png,,,,,,,,,
UNASSIGNED,gs://nflt-alrp-testing/Cars159.png,,,,,,,,,
UNASSIGNED,gs://nflt-alrp-testing/Cars160.png,,,,,,,,,
UNASSIGNED,gs://nflt-alrp-testing/Cars161.png,,,,,,,,,
UNASSIGNED,gs://nflt-alrp-testing/Cars162.png,,,,,,,,,
UNASSIGNED,gs://nflt-alrp-testing/Cars163.png,,,,,,,,,
UNASSIGNED,gs://nflt-alrp-testing/Cars164.png,,,,,,,,,
UNASSIGNED,gs://nflt-alrp-testing/Cars165.png,,,,,,,,,
UNASSIGNED,gs://nflt-alrp-testing/Cars166.png,,,,,,,,,
UNASSIGNED,gs://nflt-alrp-testing/Cars167.png,,,,,,,,,
UNASSIGNED,gs://nflt-alrp-testing/Cars168.png,,,,,,,,,
UNASSIGNED,gs://nflt-alrp-testing/Cars169.png,,,,,,,,,
UNASSIGNED,gs://nflt-alrp-testing/Cars170.png,,,,,,,,,
UNASSIGNED,gs://nflt-alrp-testing/Cars171.png,,,,,,,,,
UNASSIGNED,gs://nflt-alrp-testing/Cars172.png,,,,,,,,,
UNASSIGNED,gs://nflt-alrp-testing/Cars173.png,,,,,,,,,
UNASSIGNED,gs://nflt-alrp-testing/Cars174.png,,,,,,,,,
UNASSIGNED,gs://nflt-alrp-testing/Cars175.png,,,,,,,,,
UNASSIGNED,gs://nflt-alrp-testing/Cars176.png,,,,,,,,,
UNASSIGNED,gs://nflt-alrp-testing/Cars177.png,,,,,,,,,
UNASSIGNED,gs://nflt-alrp-testing/Cars178.png,,,,,,,,,
UNASSIGNED,gs://nflt-alrp-testing/Cars179.png,,,,,,,,,
UNASSIGNED,gs://nflt-alrp-testing/Cars180.png,,,,,,,,,
UNASSIGNED,gs://nflt-alrp-testing/Cars181.png,,,,,,,,,
UNASSIGNED,gs://nflt-alrp-testing/Cars182.png,,,,,,,,,
UNASSIGNED,gs://nflt-alrp-testing/Cars183.png,,,,,,,,,
UNASSIGNED,gs://nflt-alrp-testing/Cars184.png,,,,,,,,,
UNASSIGNED,gs://nflt-alrp-testing/Cars185.png,,,,,,,,,
UNASSIGNED,gs://nflt-alrp-testing/Cars186.png,,,,,,,,,
UNASSIGNED,gs://nflt-alrp-testing/Cars187.png,,,,,,,,,
UNASSIGNED,gs://nflt-alrp-testing/Cars188.png,,,,,,,,,
UNASSIGNED,gs://nflt-alrp-testing/Cars189.png,,,,,,,,,
UNASSIGNED,gs://nflt-alrp-testing/Cars190.png,,,,,,,,,
UNASSIGNED,gs://nflt-alrp-testing/Cars191.png,,,,,,,,,
UNASSIGNED,gs://nflt-alrp-testing/Cars192.png,,,,,,,,,
UNASSIGNED,gs://nflt-alrp-testing/Cars193.png,,,,,,,,,
UNASSIGNED,gs://nflt-alrp-testing/Cars194.png,,,,,,,,,
UNASSIGNED,gs://nflt-alrp-testing/Cars195.png,,,,,,,,,
UNASSIGNED,gs://nflt-alrp-testing/Cars196.png,,,,,,,,,
UNASSIGNED,gs://nflt-alrp-testing/Cars197.png,,,,,,,,,
UNASSIGNED,gs://nflt-alrp-testing/Cars198.png,,,,,,,,,
UNASSIGNED,gs://nflt-alrp-testing/Cars199.png,,,,,,,,,
UNASSIGNED,gs://nflt-alrp-testing/Cars200.png,,,,,,,,,
UNASSIGNED,gs://nflt-alrp-testing/Cars201.png,,,,,,,,,
UNASSIGNED,gs://nflt-alrp-testing/Cars202.png,,,,,,,,,
UNASSIGNED,gs://nflt-alrp-testing/Cars203.png,,,,,,,,,
UNASSIGNED,gs://nflt-alrp-testing/Cars204.png,,,,,,,,,
UNASSIGNED,gs://nflt-alrp-testing/Cars205.png,,,,,,,,,
UNASSIGNED,gs://nflt-alrp-testing/Cars206.png,,,,,,,,,
UNASSIGNED,gs://nflt-alrp-testing/Cars207.png,,,,,,,,,
UNASSIGNED,gs://nflt-alrp-testing/Cars208.png,,,,,,,,,
UNASSIGNED,gs://nflt-alrp-testing/Cars209.png,,,,,,,,,
UNASSIGNED,gs://nflt-alrp-testing/Cars210.png,,,,,,,,,
UNASSIGNED,gs://nflt-alrp-testing/Cars211.png,,,,,,,,,
UNASSIGNED,gs://nflt-alrp-testing/Cars212.png,,,,,,,,,
UNASSIGNED,gs://nflt-alrp-testing/Cars213.png,,,,,,,,,
UNASSIGNED,gs://nflt-alrp-testing/Cars214.png,,,,,,,,,
UNASSIGNED,gs://nflt-alrp-testing/Cars215.png,,,,,,,,,
UNASSIGNED,gs://nflt-alrp-testing/Cars216.png,,,,,,,,,
UNASSIGNED,gs://nflt-alrp-testing/Cars217.png,,,,,,,,,
UNASSIGNED,gs://nflt-alrp-testing/Cars218.png,,,,,,,,,
UNASSIGNED,gs://nflt-alrp-testing/Cars219.png,,,,,,,,,
UNASSIGNED,gs://nflt-alrp-testing/Cars220.png,,,,,,,,,
UNASSIGNED,gs://nflt-alrp-testing/Cars221.png,,,,,,,,,
UNASSIGNED,gs://nflt-alrp-testing/Cars222.png,,,,,,,,,
UNASSIGNED,gs://nflt-alrp-testing/Cars223.png,,,,,,,,,
UNASSIGNED,gs://nflt-alrp-testing/Cars224.png,,,,,,,,,
UNASSIGNED,gs://nflt-alrp-testing/Cars225.png,,,,,,,,,
UNASSIGNED,gs://nflt-alrp-testing/Cars226.png,,,,,,,,,
UNASSIGNED,gs://nflt-alrp-testing/Cars227.png,,,,,,,,,
UNASSIGNED,gs://nflt-alrp-testing/Cars228.png,,,,,,,,,
UNASSIGNED,gs://nflt-alrp-testing/Cars229.png,,,,,,,,,
UNASSIGNED,gs://nflt-alrp-testing/Cars230.png,,,,,,,,,
UNASSIGNED,gs://nflt-alrp-testing/Cars231.png,,,,,,,,,
UNASSIGNED,gs://nflt-alrp-testing/Cars232.png,,,,,,,,,
UNASSIGNED,gs://nflt-alrp-testing/Cars233.png,,,,,,,,,
UNASSIGNED,gs://nflt-alrp-testing/Cars234.png,,,,,,,,,
UNASSIGNED,gs://nflt-alrp-testing/Cars235.png,,,,,,,,,
UNASSIGNED,gs://nflt-alrp-testing/Cars236.png,,,,,,,,,
UNASSIGNED,gs://nflt-alrp-testing/Cars237.png,,,,,,,,,
UNASSIGNED,gs://nflt-alrp-testing/Cars238.png,,,,,,,,,
UNASSIGNED,gs://nflt-alrp-testing/Cars239.png,,,,,,,,,
UNASSIGNED,gs://nflt-alrp-testing/Cars240.png,,,,,,,,,
UNASSIGNED,gs://nflt-alrp-testing/Cars241.png,,,,,,,,,
UNASSIGNED,gs://nflt-alrp-testing/Cars242.png,,,,,,,,,
UNASSIGNED,gs://nflt-alrp-testing/Cars243.png,,,,,,,,,
UNASSIGNED,gs://nflt-alrp-testing/Cars244.png,,,,,,,,,
UNASSIGNED,gs://nflt-alrp-testing/Cars245.png,,,,,,,,,
UNASSIGNED,gs://nflt-alrp-testing/Cars246.png,,,,,,,,,
UNASSIGNED,gs://nflt-alrp-testing/Cars247.png,,,,,,,,,
UNASSIGNED,gs://nflt-alrp-testing/Cars248.png,,,,,,,,,
UNASSIGNED,gs://nflt-alrp-testing/Cars249.png,,,,,,,,,
UNASSIGNED,gs://nflt-alrp-testing/Cars250.png,,,,,,,,,
UNASSIGNED,gs://nflt-alrp-testing/Cars251.png,,,,,,,,,
UNASSIGNED,gs://nflt-alrp-testing/Cars252.png,,,,,,,,,
UNASSIGNED,gs://nflt-alrp-testing/Cars253.png,,,,,,,,,
UNASSIGNED,gs://nflt-alrp-testing/Cars254.png,,,,,,,,,
UNASSIGNED,gs://nflt-alrp-testing/Cars255.png,,,,,,,,,
UNASSIGNED,gs://nflt-alrp-testing/Cars256.png,,,,,,,,,
UNASSIGNED,gs://nflt-alrp-testing/Cars257.png,,,,,,,,,
UNASSIGNED,gs://nflt-alrp-testing/Cars258.png,,,,,,,,,
UNASSIGNED,gs://nflt-alrp-testing/Cars259.png,,,,,,,,,
UNASSIGNED,gs://nflt-alrp-testing/Cars260.png,,,,,,,,,
UNASSIGNED,gs://nflt-alrp-testing/Cars261.png,,,,,,,,,
UNASSIGNED,gs://nflt-alrp-testing/Cars262.png,,,,,,,,,
UNASSIGNED,gs://nflt-alrp-testing/Cars263.png,,,,,,,,,
UNASSIGNED,gs://nflt-alrp-testing/Cars264.png,,,,,,,,,
UNASSIGNED,gs://nflt-alrp-testing/Cars265.png,,,,,,,,,
UNASSIGNED,gs://nflt-alrp-testing/Cars266.png,,,,,,,,,
UNASSIGNED,gs://nflt-alrp-testing/Cars267.png,,,,,,,,,
UNASSIGNED,gs://nflt-alrp-testing/Cars268.png,,,,,,,,,
UNASSIGNED,gs://nflt-alrp-testing/Cars269.png,,,,,,,,,
UNASSIGNED,gs://nflt-alrp-testing/Cars270.png,,,,,,,,,
UNASSIGNED,gs://nflt-alrp-testing/Cars271.png,,,,,,,,,
UNASSIGNED,gs://nflt-alrp-testing/Cars272.png,,,,,,,,,
UNASSIGNED,gs://nflt-alrp-testing/Cars273.png,,,,,,,,,
UNASSIGNED,gs://nflt-alrp-testing/Cars274.png,,,,,,,,,
UNASSIGNED,gs://nflt-alrp-testing/Cars275.png,,,,,,,,,
UNASSIGNED,gs://nflt-alrp-testing/Cars276.png,,,,,,,,,
UNASSIGNED,gs://nflt-alrp-testing/Cars277.png,,,,,,,,,
UNASSIGNED,gs://nflt-alrp-testing/Cars278.png,,,,,,,,,
UNASSIGNED,gs://nflt-alrp-testing/Cars279.png,,,,,,,,,
UNASSIGNED,gs://nflt-alrp-testing/Cars280.png,,,,,,,,,
UNASSIGNED,gs://nflt-alrp-testing/Cars281.png,,,,,,,,,
UNASSIGNED,gs://nflt-alrp-testing/Cars282.png,,,,,,,,,
UNASSIGNED,gs://nflt-alrp-testing/Cars283.png,,,,,,,,,
UNASSIGNED,gs://nflt-alrp-testing/Cars284.png,,,,,,,,,
UNASSIGNED,gs://nflt-alrp-testing/Cars285.png,,,,,,,,,
UNASSIGNED,gs://nflt-alrp-testing/Cars286.png,,,,,,,,,
UNASSIGNED,gs://nflt-alrp-testing/Cars287.png,,,,,,,,,
UNASSIGNED,gs://nflt-alrp-testing/Cars288.png,,,,,,,,,
UNASSIGNED,gs://nflt-alrp-testing/Cars289.png,,,,,,,,,
UNASSIGNED,gs://nflt-alrp-testing/Cars290.png,,,,,,,,,
UNASSIGNED,gs://nflt-alrp-testing/Cars291.png,,,,,,,,,
UNASSIGNED,gs://nflt-alrp-testing/Cars292.png,,,,,,,,,
UNASSIGNED,gs://nflt-alrp-testing/Cars293.png,,,,,,,,,
UNASSIGNED,gs://nflt-alrp-testing/Cars294.png,,,,,,,,,
UNASSIGNED,gs://nflt-alrp-testing/Cars295.png,,,,,,,,,
UNASSIGNED,gs://nflt-alrp-testing/Cars296.png,,,,,,,,,
UNASSIGNED,gs://nflt-alrp-testing/Cars297.png,,,,,,,,,
UNASSIGNED,gs://nflt-alrp-testing/Cars298.png,,,,,,,,,
UNASSIGNED,gs://nflt-alrp-testing/Cars299.png,,,,,,,,,
UNASSIGNED,gs://nflt-alrp-testing/Cars300.png,,,,,,,,,
UNASSIGNED,gs://nflt-alrp-testing/Cars301.png,,,,,,,,,
UNASSIGNED,gs://nflt-alrp-testing/Cars302.png,,,,,,,,,
UNASSIGNED,gs://nflt-alrp-testing/Cars303.png,,,,,,,,,
UNASSIGNED,gs://nflt-alrp-testing/Cars304.png,,,,,,,,,
UNASSIGNED,gs://nflt-alrp-testing/Cars305.png,,,,,,,,,
UNASSIGNED,gs://nflt-alrp-testing/Cars306.png,,,,,,,,,
UNASSIGNED,gs://nflt-alrp-testing/Cars307.png,,,,,,,,,
UNASSIGNED,gs://nflt-alrp-testing/Cars308.png,,,,,,,,,
UNASSIGNED,gs://nflt-alrp-testing/Cars309.png,,,,,,,,,
UNASSIGNED,gs://nflt-alrp-testing/Cars310.png,,,,,,,,,
UNASSIGNED,gs://nflt-alrp-testing/Cars311.png,,,,,,,,,
UNASSIGNED,gs://nflt-alrp-testing/Cars312.png,,,,,,,,,
UNASSIGNED,gs://nflt-alrp-testing/Cars313.png,,,,,,,,,
UNASSIGNED,gs://nflt-alrp-testing/Cars314.png,,,,,,,,,
UNASSIGNED,gs://nflt-alrp-testing/Cars315.png,,,,,,,,,
UNASSIGNED,gs://nflt-alrp-testing/Cars316.png,,,,,,,,,
UNASSIGNED,gs://nflt-alrp-testing/Cars317.png,,,,,,,,,
UNASSIGNED,gs://nflt-alrp-testing/Cars318.png,,,,,,,,,
UNASSIGNED,gs://nflt-alrp-testing/Cars319.png,,,,,,,,,
UNASSIGNED,gs://nflt-alrp-testing/Cars320.png,,,,,,,,,
UNASSIGNED,gs://nflt-alrp-testing/Cars321.png,,,,,,,,,
UNASSIGNED,gs://nflt-alrp-testing/Cars322.png,,,,,,,,,
UNASSIGNED,gs://nflt-alrp-testing/Cars323.png,,,,,,,,,
UNASSIGNED,gs://nflt-alrp-testing/Cars324.png,,,,,,,,,
UNASSIGNED,gs://nflt-alrp-testing/Cars325.png,,,,,,,,,
UNASSIGNED,gs://nflt-alrp-testing/Cars326.png,,,,,,,,,
UNASSIGNED,gs://nflt-alrp-testing/Cars327.png,,,,,,,,,
UNASSIGNED,gs://nflt-alrp-testing/Cars328.png,,,,,,,,,
UNASSIGNED,gs://nflt-alrp-testing/Cars329.png,,,,,,,,,
UNASSIGNED,gs://nflt-alrp-testing/Cars330.png,,,,,,,,,
UNASSIGNED,gs://nflt-alrp-testing/Cars331.png,,,,,,,,,
UNASSIGNED,gs://nflt-alrp-testing/Cars332.png,,,,,,,,,
UNASSIGNED,gs://nflt-alrp-testing/Cars333.png,,,,,,,,,
UNASSIGNED,gs://nflt-alrp-testing/Cars334.png,,,,,,,,,
UNASSIGNED,gs://nflt-alrp-testing/Cars335.png,,,,,,,,,
UNASSIGNED,gs://nflt-alrp-testing/Cars336.png,,,,,,,,,
UNASSIGNED,gs://nflt-alrp-testing/Cars337.png,,,,,,,,,
UNASSIGNED,gs://nflt-alrp-testing/Cars338.png,,,,,,,,,
UNASSIGNED,gs://nflt-alrp-testing/Cars339.png,,,,,,,,,
UNASSIGNED,gs://nflt-alrp-testing/Cars340.png,,,,,,,,,
UNASSIGNED,gs://nflt-alrp-testing/Cars341.png,,,,,,,,,
UNASSIGNED,gs://nflt-alrp-testing/Cars342.png,,,,,,,,,
UNASSIGNED,gs://nflt-alrp-testing/Cars343.png,,,,,,,,,
UNASSIGNED,gs://nflt-alrp-testing/Cars344.png,,,,,,,,,
UNASSIGNED,gs://nflt-alrp-testing/Cars345.png,,,,,,,,,
UNASSIGNED,gs://nflt-alrp-testing/Cars346.png,,,,,,,,,
UNASSIGNED,gs://nflt-alrp-testing/Cars347.png,,,,,,,,,
UNASSIGNED,gs://nflt-alrp-testing/Cars348.png,,,,,,,,,
UNASSIGNED,gs://nflt-alrp-testing/Cars349.png,,,,,,,,,
UNASSIGNED,gs://nflt-alrp-testing/Cars350.png,,,,,,,,,
UNASSIGNED,gs://nflt-alrp-testing/Cars351.png,,,,,,,,,
UNASSIGNED,gs://nflt-alrp-testing/Cars352.png,,,,,,,,,
UNASSIGNED,gs://nflt-alrp-testing/Cars353.png,,,,,,,,,
UNASSIGNED,gs://nflt-alrp-testing/Cars354.png,,,,,,,,,
UNASSIGNED,gs://nflt-alrp-testing/Cars355.png,,,,,,,,,
UNASSIGNED,gs://nflt-alrp-testing/Cars356.png,,,,,,,,,
UNASSIGNED,gs://nflt-alrp-testing/Cars357.png,,,,,,,,,
UNASSIGNED,gs://nflt-alrp-testing/Cars358.png,,,,,,,,,
UNASSIGNED,gs://nflt-alrp-testing/Cars359.png,,,,,,,,,
UNASSIGNED,gs://nflt-alrp-testing/Cars360.png,,,,,,,,,
UNASSIGNED,gs://nflt-alrp-testing/Cars361.png,,,,,,,,,
UNASSIGNED,gs://nflt-alrp-testing/Cars362.png,,,,,,,,,
UNASSIGNED,gs://nflt-alrp-testing/Cars363.png,,,,,,,,,
UNASSIGNED,gs://nflt-alrp-testing/Cars364.png,,,,,,,,,
UNASSIGNED,gs://nflt-alrp-testing/Cars365.png,,,,,,,,,
UNASSIGNED,gs://nflt-alrp-testing/Cars366.png,,,,,,,,,
UNASSIGNED,gs://nflt-alrp-testing/Cars367.png,,,,,,,,,
UNASSIGNED,gs://nflt-alrp-testing/Cars368.png,,,,,,,,,
UNASSIGNED,gs://nflt-alrp-testing/Cars369.png,,,,,,,,,
UNASSIGNED,gs://nflt-alrp-testing/Cars370.png,,,,,,,,,
UNASSIGNED,gs://nflt-alrp-testing/Cars371.png,,,,,,,,,
UNASSIGNED,gs://nflt-alrp-testing/Cars372.png,,,,,,,,,
UNASSIGNED,gs://nflt-alrp-testing/Cars373.png,,,,,,,,,
UNASSIGNED,gs://nflt-alrp-testing/Cars374.png,,,,,,,,,
UNASSIGNED,gs://nflt-alrp-testing/Cars375.png,,,,,,,,,
UNASSIGNED,gs://nflt-alrp-testing/Cars376.png,,,,,,,,,
UNASSIGNED,gs://nflt-alrp-testing/Cars377.png,,,,,,,,,
UNASSIGNED,gs://nflt-alrp-testing/Cars378.png,,,,,,,,,
UNASSIGNED,gs://nflt-alrp-testing/Cars379.png,,,,,,,,,
UNASSIGNED,gs://nflt-alrp-testing/Cars380.png,,,,,,,,,
UNASSIGNED,gs://nflt-alrp-testing/Cars381.png,,,,,,,,,
UNASSIGNED,gs://nflt-alrp-testing/Cars382.png,,,,,,,,,
UNASSIGNED,gs://nflt-alrp-testing/Cars383.png,,,,,,,,,
UNASSIGNED,gs://nflt-alrp-testing/Cars384.png,,,,,,,,,
UNASSIGNED,gs://nflt-alrp-testing/Cars385.png,,,,,,,,,
UNASSIGNED,gs://nflt-alrp-testing/Cars386.png,,,,,,,,,
UNASSIGNED,gs://nflt-alrp-testing/Cars387.png,,,,,,,,,
UNASSIGNED,gs://nflt-alrp-testing/Cars388.png,,,,,,,,,
UNASSIGNED,gs://nflt-alrp-testing/Cars389.png,,,,,,,,,
UNASSIGNED,gs://nflt-alrp-testing/Cars390.png,,,,,,,,,
UNASSIGNED,gs://nflt-alrp-testing/Cars391.png,,,,,,,,,
UNASSIGNED,gs://nflt-alrp-testing/Cars392.png,,,,,,,,,
UNASSIGNED,gs://nflt-alrp-testing/Cars393.png,,,,,,,,,
UNASSIGNED,gs://nflt-alrp-testing/Cars394.png,,,,,,,,,
UNASSIGNED,gs://nflt-alrp-testing/Cars395.png,,,,,,,,,
UNASSIGNED,gs://nflt-alrp-testing/Cars396.png,,,,,,,,,
UNASSIGNED,gs://nflt-alrp-testing/Cars397.png,,,,,,,,,
UNASSIGNED,gs://nflt-alrp-testing/Cars398.png,,,,,,,,,
UNASSIGNED,gs://nflt-alrp-testing/Cars399.png,,,,,,,,,
UNASSIGNED,gs://nflt-alrp-testing/Cars400.png,,,,,,,,,
UNASSIGNED,gs://nflt-alrp-testing/Cars401.png,,,,,,,,,
UNASSIGNED,gs://nflt-alrp-testing/Cars402.png,,,,,,,,,
UNASSIGNED,gs://nflt-alrp-testing/Cars403.png,,,,,,,,,
UNASSIGNED,gs://nflt-alrp-testing/Cars404.png,,,,,,,,,
UNASSIGNED,gs://nflt-alrp-testing/Cars405.png,,,,,,,,,
UNASSIGNED,gs://nflt-alrp-testing/Cars406.png,,,,,,,,,
UNASSIGNED,gs://nflt-alrp-testing/Cars407.png,,,,,,,,,
UNASSIGNED,gs://nflt-alrp-testing/Cars408.png,,,,,,,,,
UNASSIGNED,gs://nflt-alrp-testing/Cars409.png,,,,,,,,,
UNASSIGNED,gs://nflt-alrp-testing/Cars410.png,,,,,,,,,
UNASSIGNED,gs://nflt-alrp-testing/Cars411.png,,,,,,,,,
UNASSIGNED,gs://nflt-alrp-testing/Cars412.png,,,,,,,,,
UNASSIGNED,gs://nflt-alrp-testing/Cars413.png,,,,,,,,,
UNASSIGNED,gs://nflt-alrp-testing/Cars414.png,,,,,,,,,
UNASSIGNED,gs://nflt-alrp-testing/Cars415.png,,,,,,,,,
UNASSIGNED,gs://nflt-alrp-testing/Cars416.png,,,,,,,,,
UNASSIGNED,gs://nflt-alrp-testing/Cars417.png,,,,,,,,,
UNASSIGNED,gs://nflt-alrp-testing/Cars418.png,,,,,,,,,
UNASSIGNED,gs://nflt-alrp-testing/Cars419.png,,,,,,,,,
UNASSIGNED,gs://nflt-alrp-testing/Cars420.png,,,,,,,,,
UNASSIGNED,gs://nflt-alrp-testing/Cars421.png,,,,,,,,,
UNASSIGNED,gs://nflt-alrp-testing/Cars422.png,,,,,,,,,
UNASSIGNED,gs://nflt-alrp-testing/Cars423.png,,,,,,,,,
UNASSIGNED,gs://nflt-alrp-testing/Cars424.png,,,,,,,,,
UNASSIGNED,gs://nflt-alrp-testing/Cars425.png,,,,,,,,,
UNASSIGNED,gs://nflt-alrp-testing/Cars426.png,,,,,,,,,
UNASSIGNED,gs://nflt-alrp-testing/Cars427.png,,,,,,,,,
UNASSIGNED,gs://nflt-alrp-testing/Cars428.png,,,,,,,,,
UNASSIGNED,gs://nflt-alrp-testing/Cars429.png,,,,,,,,,
VALIDATION,gs://nflt-alpr-testing/Cars0.png,,,,,,,,,
VALIDATION,gs://nflt-alpr-testing/Cars1.png,,,,,,,,,
VALIDATION,gs://nflt-alpr-testing/Cars2.png,,,,,,,,,
VALIDATION,gs://nflt-alpr-testing/Cars3.png,,,,,,,,,
VALIDATION,gs://nflt-alpr-testing/Cars4.png,,,,,,,,,
VALIDATION,gs://nflt-alpr-testing/Cars5.png,,,,,,,,,
VALIDATION,gs://nflt-alpr-testing/Cars6.png,,,,,,,,,
VALIDATION,gs://nflt-alpr-testing/Cars7.png,,,,,,,,,
VALIDATION,gs://nflt-alpr-testing/Cars8.png,,,,,,,,,
VALIDATION,gs://nflt-alpr-testing/Cars9.png,,,,,,,,,
VALIDATION,gs://nflt-alpr-testing/Cars10.png,,,,,,,,,
VALIDATION,gs://nflt-alpr-testing/Cars11.png,,,,,,,,,
VALIDATION,gs://nflt-alpr-testing/Cars12.png,,,,,,,,,
VALIDATION,gs://nflt-alpr-testing/Cars13.png,,,,,,,,,
VALIDATION,gs://nflt-alpr-testing/Cars14.png,,,,,,,,,
VALIDATION,gs://nflt-alpr-testing/Cars15.png,,,,,,,,,
VALIDATION,gs://nflt-alpr-testing/Cars16.png,,,,,,,,,
VALIDATION,gs://nflt-alpr-testing/Cars17.png,,,,,,,,,
VALIDATION,gs://nflt-alpr-testing/Cars18.png,,,,,,,,,
VALIDATION,gs://nflt-alpr-testing/Cars19.png,,,,,,,,,
VALIDATION,gs://nflt-alpr-testing/Cars20.png,,,,,,,,,
VALIDATION,gs://nflt-alpr-testing/Cars21.png,,,,,,,,,
VALIDATION,gs://nflt-alpr-testing/Cars22.png,,,,,,,,,
VALIDATION,gs://nflt-alpr-testing/Cars23.png,,,,,,,,,
VALIDATION,gs://nflt-alpr-testing/Cars24.png,,,,,,,,,
VALIDATION,gs://nflt-alpr-testing/Cars25.png,,,,,,,,,
VALIDATION,gs://nflt-alpr-testing/Cars26.png,,,,,,,,,
VALIDATION,gs://nflt-alpr-testing/Cars27.png,,,,,,,,,
VALIDATION,gs://nflt-alpr-testing/Cars28.png,,,,,,,,,
VALIDATION,gs://nflt-alpr-testing/Cars29.png,,,,,,,,,
VALIDATION,gs://nflt-alpr-testing/Cars30.png,,,,,,,,,
VALIDATION,gs://nflt-alpr-testing/Cars31.png,,,,,,,,,
VALIDATION,gs://nflt-alpr-testing/Cars32.png,,,,,,,,,
VALIDATION,gs://nflt-alpr-testing/Cars33.png,,,,,,,,,
VALIDATION,gs://nflt-alpr-testing/Cars34.png,,,,,,,,,
VALIDATION,gs://nflt-alpr-testing/Cars35.png,,,,,,,,,
VALIDATION,gs://nflt-alpr-testing/Cars36.png,,,,,,,,,
VALIDATION,gs://nflt-alpr-testing/Cars37.png,,,,,,,,,
VALIDATION,gs://nflt-alpr-testing/Cars38.png,,,,,,,,,
VALIDATION,gs://nflt-alpr-testing/Cars39.png,,,,,,,,,
VALIDATION,gs://nflt-alpr-testing/Cars40.png,,,,,,,,,
VALIDATION,gs://nflt-alpr-testing/Cars41.png,,,,,,,,,
VALIDATION,gs://nflt-alpr-testing/Cars42.png,,,,,,,,,
VALIDATION,gs://nflt-alpr-testing/Cars43.png,,,,,,,,,
VALIDATION,gs://nflt-alpr-testing/Cars44.png,,,,,,,,,
VALIDATION,gs://nflt-alpr-testing/Cars45.png,,,,,,,,,
VALIDATION,gs://nflt-alpr-testing/Cars46.png,,,,,,,,,
VALIDATION,gs://nflt-alpr-testing/Cars47.png,,,,,,,,,
VALIDATION,gs://nflt-alpr-testing/Cars48.png,,,,,,,,,
VALIDATION,gs://nflt-alpr-testing/Cars49.png,,,,,,,,,
VALIDATION,gs://nflt-alpr-testing/Cars50.png,,,,,,,,,
VALIDATION,gs://nflt-alpr-testing/Cars51.png,,,,,,,,,
VALIDATION,gs://nflt-alpr-testing/Cars52.png,,,,,,,,,
VALIDATION,gs://nflt-alpr-testing/Cars53.png,,,,,,,,,
VALIDATION,gs://nflt-alpr-testing/Cars54.png,,,,,,,,,
VALIDATION,gs://nflt-alpr-testing/Cars55.png,,,,,,,,,
VALIDATION,gs://nflt-alpr-testing/Cars56.png,,,,,,,,,
VALIDATION,gs://nflt-alpr-testing/Cars57.png,,,,,,,,,
VALIDATION,gs://nflt-alpr-testing/Cars58.png,,,,,,,,,
VALIDATION,gs://nflt-alpr-testing/Cars59.png,,,,,,,,,
VALIDATION,gs://nflt-alpr-testing/Cars60.png,,,,,,,,,
VALIDATION,gs://nflt-alpr-testing/Cars61.png,,,,,,,,,
VALIDATION,gs://nflt-alpr-testing/Cars62.png,,,,,,,,,
VALIDATION,gs://nflt-alpr-testing/Cars63.png,,,,,,,,,
VALIDATION,gs://nflt-alpr-testing/Cars64.png,,,,,,,,,
VALIDATION,gs://nflt-alpr-testing/Cars65.png,,,,,,,,,
VALIDATION,gs://nflt-alpr-testing/Cars66.png,,,,,,,,,
VALIDATION,gs://nflt-alpr-testing/Cars67.png,,,,,,,,,
VALIDATION,gs://nflt-alpr-testing/Cars68.png,,,,,,,,,
VALIDATION,gs://nflt-alpr-testing/Cars69.png,,,,,,,,,
TEST,gs://nflt-alpr-testing/Cars70.png,,,,,,,,,
TEST,gs://nflt-alpr-testing/Cars71.png,,,,,,,,,
TEST,gs://nflt-alpr-testing/Cars72.png,,,,,,,,,
TEST,gs://nflt-alpr-testing/Cars73.png,,,,,,,,,
TEST,gs://nflt-alpr-testing/Cars74.png,,,,,,,,,
TEST,gs://nflt-alpr-testing/Cars75.png,,,,,,,,,
TEST,gs://nflt-alpr-testing/Cars76.png,,,,,,,,,
TEST,gs://nflt-alpr-testing/Cars77.png,,,,,,,,,
TEST,gs://nflt-alpr-testing/Cars78.png,,,,,,,,,
TEST,gs://nflt-alpr-testing/Cars79.png,,,,,,,,,
TEST,gs://nflt-alpr-testing/Cars80.png,,,,,,,,,
TEST,gs://nflt-alpr-testing/Cars81.png,,,,,,,,,
TEST,gs://nflt-alpr-testing/Cars82.png,,,,,,,,,
TEST,gs://nflt-alpr-testing/Cars83.png,,,,,,,,,
TEST,gs://nflt-alpr-testing/Cars84.png,,,,,,,,,
TEST,gs://nflt-alpr-testing/Cars85.png,,,,,,,,,
TEST,gs://nflt-alpr-testing/Cars86.png,,,,,,,,,
TEST,gs://nflt-alpr-testing/Cars87.png,,,,,,,,,
TEST,gs://nflt-alpr-testing/Cars88.png,,,,,,,,,
TEST,gs://nflt-alpr-testing/Cars89.png,,,,,,,,,
TEST,gs://nflt-alpr-testing/Cars90.png,,,,,,,,,
TEST,gs://nflt-alpr-testing/Cars91.png,,,,,,,,,
TEST,gs://nflt-alpr-testing/Cars92.png,,,,,,,,,
TEST,gs://nflt-alpr-testing/Cars93.png,,,,,,,,,
TEST,gs://nflt-alpr-testing/Cars94.png,,,,,,,,,
TEST,gs://nflt-alpr-testing/Cars95.png,,,,,,,,,
TEST,gs://nflt-alpr-testing/Cars96.png,,,,,,,,,
TEST,gs://nflt-alpr-testing/Cars97.png,,,,,,,,,
TEST,gs://nflt-alpr-testing/Cars98.png,,,,,,,,,
TEST,gs://nflt-alpr-testing/Cars99.png,,,,,,,,,
TEST,gs://nflt-alpr-testing/Cars100.png,,,,,,,,,
TEST,gs://nflt-alpr-testing/Cars101.png,,,,,,,,,
TEST,gs://nflt-alpr-testing/Cars102.png,,,,,,,,,
TEST,gs://nflt-alpr-testing/Cars103.png,,,,,,,,,
TEST,gs://nflt-alpr-testing/Cars104.png,,,,,,,,,
TEST,gs://nflt-alpr-testing/Cars105.png,,,,,,,,,
TEST,gs://nflt-alpr-testing/Cars106.png,,,,,,,,,
TEST,gs://nflt-alpr-testing/Cars107.png,,,,,,,,,
TEST,gs://nflt-alpr-testing/Cars108.png,,,,,,,,,
TEST,gs://nflt-alpr-testing/Cars109.png,,,,,,,,,
TEST,gs://nflt-alpr-testing/Cars110.png,,,,,,,,,
TEST,gs://nflt-alpr-testing/Cars111.png,,,,,,,,,
TEST,gs://nflt-alpr-testing/Cars112.png,,,,,,,,,
TEST,gs://nflt-alpr-testing/Cars113.png,,,,,,,,,
TEST,gs://nflt-alpr-testing/Cars114.png,,,,,,,,,
TEST,gs://nflt-alpr-testing/Cars115.png,,,,,,,,,
UNASSIGNED,gs://nflt-alpr-testing/Cars116.png,,,,,,,,,
UNASSIGNED,gs://nflt-alpr-testing/Cars117.png,,,,,,,,,
UNASSIGNED,gs://nflt-alpr-testing/Cars118.png,,,,,,,,,
UNASSIGNED,gs://nflt-alpr-testing/Cars119.png,,,,,,,,,
UNASSIGNED,gs://nflt-alpr-testing/Cars120.png,,,,,,,,,
UNASSIGNED,gs://nflt-alpr-testing/Cars121.png,,,,,,,,,
UNASSIGNED,gs://nflt-alpr-testing/Cars122.png,,,,,,,,,
UNASSIGNED,gs://nflt-alpr-testing/Cars123.png,,,,,,,,,
UNASSIGNED,gs://nflt-alpr-testing/Cars124.png,,,,,,,,,
UNASSIGNED,gs://nflt-alpr-testing/Cars125.png,,,,,,,,,
UNASSIGNED,gs://nflt-alpr-testing/Cars126.png,,,,,,,,,
UNASSIGNED,gs://nflt-alpr-testing/Cars127.png,,,,,,,,,
UNASSIGNED,gs://nflt-alpr-testing/Cars128.png,,,,,,,,,
UNASSIGNED,gs://nflt-alpr-testing/Cars129.png,,,,,,,,,
UNASSIGNED,gs://nflt-alpr-testing/Cars130.png,,,,,,,,,
UNASSIGNED,gs://nflt-alpr-testing/Cars131.png,,,,,,,,,
UNASSIGNED,gs://nflt-alpr-testing/Cars132.png,,,,,,,,,
UNASSIGNED,gs://nflt-alpr-testing/Cars133.png,,,,,,,,,
UNASSIGNED,gs://nflt-alpr-testing/Cars134.png,,,,,,,,,
UNASSIGNED,gs://nflt-alpr-testing/Cars135.png,,,,,,,,,
UNASSIGNED,gs://nflt-alpr-testing/Cars136.png,,,,,,,,,
UNASSIGNED,gs://nflt-alpr-testing/Cars137.png,,,,,,,,,
UNASSIGNED,gs://nflt-alpr-testing/Cars138.png,,,,,,,,,
UNASSIGNED,gs://nflt-alpr-testing/Cars139.png,,,,,,,,,
UNASSIGNED,gs://nflt-alpr-testing/Cars140.png,,,,,,,,,
UNASSIGNED,gs://nflt-alpr-testing/Cars141.png,,,,,,,,,
UNASSIGNED,gs://nflt-alpr-testing/Cars142.png,,,,,,,,,
UNASSIGNED,gs://nflt-alpr-testing/Cars143.png,,,,,,,,,
UNASSIGNED,gs://nflt-alpr-testing/Cars144.png,,,,,,,,,
UNASSIGNED,gs://nflt-alpr-testing/Cars145.png,,,,,,,,,
UNASSIGNED,gs://nflt-alpr-testing/Cars146.png,,,,,,,,,
UNASSIGNED,gs://nflt-alpr-testing/Cars147.png,,,,,,,,,
UNASSIGNED,gs://nflt-alpr-testing/Cars148.png,,,,,,,,,
UNASSIGNED,gs://nflt-alpr-testing/Cars149.png,,,,,,,,,
UNASSIGNED,gs://nflt-alpr-testing/Cars150.png,,,,,,,,,
UNASSIGNED,gs://nflt-alpr-testing/Cars151.png,,,,,,,,,
UNASSIGNED,gs://nflt-alpr-testing/Cars152.png,,,,,,,,,
UNASSIGNED,gs://nflt-alpr-testing/Cars153.png,,,,,,,,,
UNASSIGNED,gs://nflt-alpr-testing/Cars154.png,,,,,,,,,
UNASSIGNED,gs://nflt-alpr-testing/Cars155.png,,,,,,,,,
UNASSIGNED,gs://nflt-alpr-testing/Cars156.png,,,,,,,,,
UNASSIGNED,gs://nflt-alpr-testing/Cars157.png,,,,,,,,,
UNASSIGNED,gs://nflt-alpr-testing/Cars158.png,,,,,,,,,
UNASSIGNED,gs://nflt-alpr-testing/Cars159.png,,,,,,,,,
UNASSIGNED,gs://nflt-alpr-testing/Cars160.png,,,,,,,,,
UNASSIGNED,gs://nflt-alpr-testing/Cars161.png,,,,,,,,,
UNASSIGNED,gs://nflt-alpr-testing/Cars162.png,,,,,,,,,
UNASSIGNED,gs://nflt-alpr-testing/Cars163.png,,,,,,,,,
UNASSIGNED,gs://nflt-alpr-testing/Cars164.png,,,,,,,,,
UNASSIGNED,gs://nflt-alpr-testing/Cars165.png,,,,,,,,,
UNASSIGNED,gs://nflt-alpr-testing/Cars166.png,,,,,,,,,
UNASSIGNED,gs://nflt-alpr-testing/Cars167.png,,,,,,,,,
UNASSIGNED,gs://nflt-alpr-testing/Cars168.png,,,,,,,,,
UNASSIGNED,gs://nflt-alpr-testing/Cars169.png,,,,,,,,,
UNASSIGNED,gs://nflt-alpr-testing/Cars170.png,,,,,,,,,
UNASSIGNED,gs://nflt-alpr-testing/Cars171.png,,,,,,,,,
UNASSIGNED,gs://nflt-alpr-testing/Cars172.png,,,,,,,,,
UNASSIGNED,gs://nflt-alpr-testing/Cars173.png,,,,,,,,,
UNASSIGNED,gs://nflt-alpr-testing/Cars174.png,,,,,,,,,
UNASSIGNED,gs://nflt-alpr-testing/Cars175.png,,,,,,,,,
UNASSIGNED,gs://nflt-alpr-testing/Cars176.png,,,,,,,,,
UNASSIGNED,gs://nflt-alpr-testing/Cars177.png,,,,,,,,,
UNASSIGNED,gs://nflt-alpr-testing/Cars178.png,,,,,,,,,
UNASSIGNED,gs://nflt-alpr-testing/Cars179.png,,,,,,,,,
UNASSIGNED,gs://nflt-alpr-testing/Cars180.png,,,,,,,,,
UNASSIGNED,gs://nflt-alpr-testing/Cars181.png,,,,,,,,,
UNASSIGNED,gs://nflt-alpr-testing/Cars182.png,,,,,,,,,
UNASSIGNED,gs://nflt-alpr-testing/Cars183.png,,,,,,,,,
UNASSIGNED,gs://nflt-alpr-testing/Cars184.png,,,,,,,,,
UNASSIGNED,gs://nflt-alpr-testing/Cars185.png,,,,,,,,,
UNASSIGNED,gs://nflt-alpr-testing/Cars186.png,,,,,,,,,
UNASSIGNED,gs://nflt-alpr-testing/Cars187.png,,,,,,,,,
UNASSIGNED,gs://nflt-alpr-testing/Cars188.png,,,,,,,,,
UNASSIGNED,gs://nflt-alpr-testing/Cars189.png,,,,,,,,,
UNASSIGNED,gs://nflt-alpr-testing/Cars190.png,,,,,,,,,
UNASSIGNED,gs://nflt-alpr-testing/Cars191.png,,,,,,,,,
UNASSIGNED,gs://nflt-alpr-testing/Cars192.png,,,,,,,,,
UNASSIGNED,gs://nflt-alpr-testing/Cars193.png,,,,,,,,,
UNASSIGNED,gs://nflt-alpr-testing/Cars194.png,,,,,,,,,
UNASSIGNED,gs://nflt-alpr-testing/Cars195.png,,,,,,,,,
UNASSIGNED,gs://nflt-alpr-testing/Cars196.png,,,,,,,,,
UNASSIGNED,gs://nflt-alpr-testing/Cars197.png,,,,,,,,,
UNASSIGNED,gs://nflt-alpr-testing/Cars198.png,,,,,,,,,
UNASSIGNED,gs://nflt-alpr-testing/Cars199.png,,,,,,,,,
UNASSIGNED,gs://nflt-alpr-testing/Cars200.png,,,,,,,,,
UNASSIGNED,gs://nflt-alpr-testing/Cars201.png,,,,,,,,,
UNASSIGNED,gs://nflt-alpr-testing/Cars202.png,,,,,,,,,
UNASSIGNED,gs://nflt-alpr-testing/Cars203.png,,,,,,,,,
UNASSIGNED,gs://nflt-alpr-testing/Cars204.png,,,,,,,,,
UNASSIGNED,gs://nflt-alpr-testing/Cars205.png,,,,,,,,,
UNASSIGNED,gs://nflt-alpr-testing/Cars206.png,,,,,,,,,
UNASSIGNED,gs://nflt-alpr-testing/Cars207.png,,,,,,,,,
UNASSIGNED,gs://nflt-alpr-testing/Cars208.png,,,,,,,,,
UNASSIGNED,gs://nflt-alpr-testing/Cars209.png,,,,,,,,,
UNASSIGNED,gs://nflt-alpr-testing/Cars210.png,,,,,,,,,
UNASSIGNED,gs://nflt-alpr-testing/Cars211.png,,,,,,,,,
UNASSIGNED,gs://nflt-alpr-testing/Cars212.png,,,,,,,,,
UNASSIGNED,gs://nflt-alpr-testing/Cars213.png,,,,,,,,,
UNASSIGNED,gs://nflt-alpr-testing/Cars214.png,,,,,,,,,
UNASSIGNED,gs://nflt-alpr-testing/Cars215.png,,,,,,,,,
UNASSIGNED,gs://nflt-alpr-testing/Cars216.png,,,,,,,,,
UNASSIGNED,gs://nflt-alpr-testing/Cars217.png,,,,,,,,,
UNASSIGNED,gs://nflt-alpr-testing/Cars218.png,,,,,,,,,
UNASSIGNED,gs://nflt-alpr-testing/Cars219.png,,,,,,,,,
UNASSIGNED,gs://nflt-alpr-testing/Cars220.png,,,,,,,,,
UNASSIGNED,gs://nflt-alpr-testing/Cars221.png,,,,,,,,,
UNASSIGNED,gs://nflt-alpr-testing/Cars222.png,,,,,,,,,
UNASSIGNED,gs://nflt-alpr-testing/Cars223.png,,,,,,,,,
UNASSIGNED,gs://nflt-alpr-testing/Cars224.png,,,,,,,,,
UNASSIGNED,gs://nflt-alpr-testing/Cars225.png,,,,,,,,,
UNASSIGNED,gs://nflt-alpr-testing/Cars226.png,,,,,,,,,
UNASSIGNED,gs://nflt-alpr-testing/Cars227.png,,,,,,,,,
UNASSIGNED,gs://nflt-alpr-testing/Cars228.png,,,,,,,,,
UNASSIGNED,gs://nflt-alpr-testing/Cars229.png,,,,,,,,,
UNASSIGNED,gs://nflt-alpr-testing/Cars230.png,,,,,,,,,
UNASSIGNED,gs://nflt-alpr-testing/Cars231.png,,,,,,,,,
UNASSIGNED,gs://nflt-alpr-testing/Cars232.png,,,,,,,,,
UNASSIGNED,gs://nflt-alpr-testing/Cars233.png,,,,,,,,,
UNASSIGNED,gs://nflt-alpr-testing/Cars234.png,,,,,,,,,
UNASSIGNED,gs://nflt-alpr-testing/Cars235.png,,,,,,,,,
UNASSIGNED,gs://nflt-alpr-testing/Cars236.png,,,,,,,,,
UNASSIGNED,gs://nflt-alpr-testing/Cars237.png,,,,,,,,,
UNASSIGNED,gs://nflt-alpr-testing/Cars238.png,,,,,,,,,
UNASSIGNED,gs://nflt-alpr-testing/Cars239.png,,,,,,,,,
UNASSIGNED,gs://nflt-alpr-testing/Cars240.png,,,,,,,,,
UNASSIGNED,gs://nflt-alpr-testing/Cars241.png,,,,,,,,,
UNASSIGNED,gs://nflt-alpr-testing/Cars242.png,,,,,,,,,
UNASSIGNED,gs://nflt-alpr-testing/Cars243.png,,,,,,,,,
UNASSIGNED,gs://nflt-alpr-testing/Cars244.png,,,,,,,,,
UNASSIGNED,gs://nflt-alpr-testing/Cars245.png,,,,,,,,,
UNASSIGNED,gs://nflt-alpr-testing/Cars246.png,,,,,,,,,
UNASSIGNED,gs://nflt-alpr-testing/Cars247.png,,,,,,,,,
UNASSIGNED,gs://nflt-alpr-testing/Cars248.png,,,,,,,,,
UNASSIGNED,gs://nflt-alpr-testing/Cars249.png,,,,,,,,,
UNASSIGNED,gs://nflt-alpr-testing/Cars250.png,,,,,,,,,
UNASSIGNED,gs://nflt-alpr-testing/Cars251.png,,,,,,,,,
UNASSIGNED,gs://nflt-alpr-testing/Cars252.png,,,,,,,,,
UNASSIGNED,gs://nflt-alpr-testing/Cars253.png,,,,,,,,,
UNASSIGNED,gs://nflt-alpr-testing/Cars254.png,,,,,,,,,
UNASSIGNED,gs://nflt-alpr-testing/Cars255.png,,,,,,,,,
UNASSIGNED,gs://nflt-alpr-testing/Cars256.png,,,,,,,,,
UNASSIGNED,gs://nflt-alpr-testing/Cars257.png,,,,,,,,,
UNASSIGNED,gs://nflt-alpr-testing/Cars258.png,,,,,,,,,
UNASSIGNED,gs://nflt-alpr-testing/Cars259.png,,,,,,,,,
UNASSIGNED,gs://nflt-alpr-testing/Cars260.png,,,,,,,,,
UNASSIGNED,gs://nflt-alpr-testing/Cars261.png,,,,,,,,,
UNASSIGNED,gs://nflt-alpr-testing/Cars262.png,,,,,,,,,
UNASSIGNED,gs://nflt-alpr-testing/Cars263.png,,,,,,,,,
UNASSIGNED,gs://nflt-alpr-testing/Cars264.png,,,,,,,,,
UNASSIGNED,gs://nflt-alpr-testing/Cars265.png,,,,,,,,,
UNASSIGNED,gs://nflt-alpr-testing/Cars266.png,,,,,,,,,
UNASSIGNED,gs://nflt-alpr-testing/Cars267.png,,,,,,,,,
UNASSIGNED,gs://nflt-alpr-testing/Cars268.png,,,,,,,,,
UNASSIGNED,gs://nflt-alpr-testing/Cars269.png,,,,,,,,,
UNASSIGNED,gs://nflt-alpr-testing/Cars270.png,,,,,,,,,
UNASSIGNED,gs://nflt-alpr-testing/Cars271.png,,,,,,,,,
UNASSIGNED,gs://nflt-alpr-testing/Cars272.png,,,,,,,,,
UNASSIGNED,gs://nflt-alpr-testing/Cars273.png,,,,,,,,,
UNASSIGNED,gs://nflt-alpr-testing/Cars274.png,,,,,,,,,
UNASSIGNED,gs://nflt-alpr-testing/Cars275.png,,,,,,,,,
UNASSIGNED,gs://nflt-alpr-testing/Cars276.png,,,,,,,,,
UNASSIGNED,gs://nflt-alpr-testing/Cars277.png,,,,,,,,,
UNASSIGNED,gs://nflt-alpr-testing/Cars278.png,,,,,,,,,
UNASSIGNED,gs://nflt-alpr-testing/Cars279.png,,,,,,,,,
UNASSIGNED,gs://nflt-alpr-testing/Cars280.png,,,,,,,,,
UNASSIGNED,gs://nflt-alpr-testing/Cars281.png,,,,,,,,,
UNASSIGNED,gs://nflt-alpr-testing/Cars282.png,,,,,,,,,
UNASSIGNED,gs://nflt-alpr-testing/Cars283.png,,,,,,,,,
UNASSIGNED,gs://nflt-alpr-testing/Cars284.png,,,,,,,,,
UNASSIGNED,gs://nflt-alpr-testing/Cars285.png,,,,,,,,,
UNASSIGNED,gs://nflt-alpr-testing/Cars286.png,,,,,,,,,
UNASSIGNED,gs://nflt-alpr-testing/Cars287.png,,,,,,,,,
UNASSIGNED,gs://nflt-alpr-testing/Cars288.png,,,,,,,,,
UNASSIGNED,gs://nflt-alpr-testing/Cars289.png,,,,,,,,,
UNASSIGNED,gs://nflt-alpr-testing/Cars290.png,,,,,,,,,
UNASSIGNED,gs://nflt-alpr-testing/Cars291.png,,,,,,,,,
UNASSIGNED,gs://nflt-alpr-testing/Cars292.png,,,,,,,,,
UNASSIGNED,gs://nflt-alpr-testing/Cars293.png,,,,,,,,,
UNASSIGNED,gs://nflt-alpr-testing/Cars294.png,,,,,,,,,
UNASSIGNED,gs://nflt-alpr-testing/Cars295.png,,,,,,,,,
UNASSIGNED,gs://nflt-alpr-testing/Cars296.png,,,,,,,,,
UNASSIGNED,gs://nflt-alpr-testing/Cars297.png,,,,,,,,,
UNASSIGNED,gs://nflt-alpr-testing/Cars298.png,,,,,,,,,
UNASSIGNED,gs://nflt-alpr-testing/Cars299.png,,,,,,,,,
UNASSIGNED,gs://nflt-alpr-testing/Cars300.png,,,,,,,,,
UNASSIGNED,gs://nflt-alpr-testing/Cars301.png,,,,,,,,,
UNASSIGNED,gs://nflt-alpr-testing/Cars302.png,,,,,,,,,
UNASSIGNED,gs://nflt-alpr-testing/Cars303.png,,,,,,,,,
UNASSIGNED,gs://nflt-alpr-testing/Cars304.png,,,,,,,,,
UNASSIGNED,gs://nflt-alpr-testing/Cars305.png,,,,,,,,,
UNASSIGNED,gs://nflt-alpr-testing/Cars306.png,,,,,,,,,
UNASSIGNED,gs://nflt-alpr-testing/Cars307.png,,,,,,,,,
UNASSIGNED,gs://nflt-alpr-testing/Cars308.png,,,,,,,,,
UNASSIGNED,gs://nflt-alpr-testing/Cars309.png,,,,,,,,,
UNASSIGNED,gs://nflt-alpr-testing/Cars310.png,,,,,,,,,
UNASSIGNED,gs://nflt-alpr-testing/Cars311.png,,,,,,,,,
UNASSIGNED,gs://nflt-alpr-testing/Cars312.png,,,,,,,,,
UNASSIGNED,gs://nflt-alpr-testing/Cars313.png,,,,,,,,,
UNASSIGNED,gs://nflt-alpr-testing/Cars314.png,,,,,,,,,
UNASSIGNED,gs://nflt-alpr-testing/Cars315.png,,,,,,,,,
UNASSIGNED,gs://nflt-alpr-testing/Cars316.png,,,,,,,,,
UNASSIGNED,gs://nflt-alpr-testing/Cars317.png,,,,,,,,,
UNASSIGNED,gs://nflt-alpr-testing/Cars318.png,,,,,,,,,
UNASSIGNED,gs://nflt-alpr-testing/Cars319.png,,,,,,,,,
UNASSIGNED,gs://nflt-alpr-testing/Cars320.png,,,,,,,,,
UNASSIGNED,gs://nflt-alpr-testing/Cars321.png,,,,,,,,,
UNASSIGNED,gs://nflt-alpr-testing/Cars322.png,,,,,,,,,
UNASSIGNED,gs://nflt-alpr-testing/Cars323.png,,,,,,,,,
UNASSIGNED,gs://nflt-alpr-testing/Cars324.png,,,,,,,,,
UNASSIGNED,gs://nflt-alpr-testing/Cars325.png,,,,,,,,,
UNASSIGNED,gs://nflt-alpr-testing/Cars326.png,,,,,,,,,
UNASSIGNED,gs://nflt-alpr-testing/Cars327.png,,,,,,,,,
UNASSIGNED,gs://nflt-alpr-testing/Cars328.png,,,,,,,,,
UNASSIGNED,gs://nflt-alpr-testing/Cars329.png,,,,,,,,,
UNASSIGNED,gs://nflt-alpr-testing/Cars330.png,,,,,,,,,
UNASSIGNED,gs://nflt-alpr-testing/Cars331.png,,,,,,,,,
UNASSIGNED,gs://nflt-alpr-testing/Cars332.png,,,,,,,,,
UNASSIGNED,gs://nflt-alpr-testing/Cars333.png,,,,,,,,,
UNASSIGNED,gs://nflt-alpr-testing/Cars334.png,,,,,,,,,
UNASSIGNED,gs://nflt-alpr-testing/Cars335.png,,,,,,,,,
UNASSIGNED,gs://nflt-alpr-testing/Cars336.png,,,,,,,,,
UNASSIGNED,gs://nflt-alpr-testing/Cars337.png,,,,,,,,,
UNASSIGNED,gs://nflt-alpr-testing/Cars338.png,,,,,,,,,
UNASSIGNED,gs://nflt-alpr-testing/Cars339.png,,,,,,,,,
UNASSIGNED,gs://nflt-alpr-testing/Cars340.png,,,,,,,,,
UNASSIGNED,gs://nflt-alpr-testing/Cars341.png,,,,,,,,,
UNASSIGNED,gs://nflt-alpr-testing/Cars342.png,,,,,,,,,
UNASSIGNED,gs://nflt-alpr-testing/Cars343.png,,,,,,,,,
UNASSIGNED,gs://nflt-alpr-testing/Cars344.png,,,,,,,,,
UNASSIGNED,gs://nflt-alpr-testing/Cars345.png,,,,,,,,,
UNASSIGNED,gs://nflt-alpr-testing/Cars346.png,,,,,,,,,
UNASSIGNED,gs://nflt-alpr-testing/Cars347.png,,,,,,,,,
UNASSIGNED,gs://nflt-alpr-testing/Cars348.png,,,,,,,,,
UNASSIGNED,gs://nflt-alpr-testing/Cars349.png,,,,,,,,,
UNASSIGNED,gs://nflt-alpr-testing/Cars350.png,,,,,,,,,
UNASSIGNED,gs://nflt-alpr-testing/Cars351.png,,,,,,,,,
UNASSIGNED,gs://nflt-alpr-testing/Cars352.png,,,,,,,,,
UNASSIGNED,gs://nflt-alpr-testing/Cars353.png,,,,,,,,,
UNASSIGNED,gs://nflt-alpr-testing/Cars354.png,,,,,,,,,
UNASSIGNED,gs://nflt-alpr-testing/Cars355.png,,,,,,,,,
UNASSIGNED,gs://nflt-alpr-testing/Cars356.png,,,,,,,,,
UNASSIGNED,gs://nflt-alpr-testing/Cars357.png,,,,,,,,,
UNASSIGNED,gs://nflt-alpr-testing/Cars358.png,,,,,,,,,
UNASSIGNED,gs://nflt-alpr-testing/Cars359.png,,,,,,,,,
UNASSIGNED,gs://nflt-alpr-testing/Cars360.png,,,,,,,,,
UNASSIGNED,gs://nflt-alpr-testing/Cars361.png,,,,,,,,,
UNASSIGNED,gs://nflt-alpr-testing/Cars362.png,,,,,,,,,
UNASSIGNED,gs://nflt-alpr-testing/Cars363.png,,,,,,,,,
UNASSIGNED,gs://nflt-alpr-testing/Cars364.png,,,,,,,,,
UNASSIGNED,gs://nflt-alpr-testing/Cars365.png,,,,,,,,,
UNASSIGNED,gs://nflt-alpr-testing/Cars366.png,,,,,,,,,
UNASSIGNED,gs://nflt-alpr-testing/Cars367.png,,,,,,,,,
UNASSIGNED,gs://nflt-alpr-testing/Cars368.png,,,,,,,,,
UNASSIGNED,gs://nflt-alpr-testing/Cars369.png,,,,,,,,,
UNASSIGNED,gs://nflt-alpr-testing/Cars370.png,,,,,,,,,
UNASSIGNED,gs://nflt-alpr-testing/Cars371.png,,,,,,,,,
UNASSIGNED,gs://nflt-alpr-testing/Cars372.png,,,,,,,,,
UNASSIGNED,gs://nflt-alpr-testing/Cars373.png,,,,,,,,,
UNASSIGNED,gs://nflt-alpr-testing/Cars374.png,,,,,,,,,
UNASSIGNED,gs://nflt-alpr-testing/Cars375.png,,,,,,,,,
UNASSIGNED,gs://nflt-alpr-testing/Cars376.png,,,,,,,,,
UNASSIGNED,gs://nflt-alpr-testing/Cars377.png,,,,,,,,,
UNASSIGNED,gs://nflt-alpr-testing/Cars378.png,,,,,,,,,
UNASSIGNED,gs://nflt-alpr-testing/Cars379.png,,,,,,,,,
UNASSIGNED,gs://nflt-alpr-testing/Cars380.png,,,,,,,,,
UNASSIGNED,gs://nflt-alpr-testing/Cars381.png,,,,,,,,,
UNASSIGNED,gs://nflt-alpr-testing/Cars382.png,,,,,,,,,
UNASSIGNED,gs://nflt-alpr-testing/Cars383.png,,,,,,,,,
UNASSIGNED,gs://nflt-alpr-testing/Cars384.png,,,,,,,,,
UNASSIGNED,gs://nflt-alpr-testing/Cars385.png,,,,,,,,,
UNASSIGNED,gs://nflt-alpr-testing/Cars386.png,,,,,,,,,
UNASSIGNED,gs://nflt-alpr-testing/Cars387.png,,,,,,,,,
UNASSIGNED,gs://nflt-alpr-testing/Cars388.png,,,,,,,,,
UNASSIGNED,gs://nflt-alpr-testing/Cars389.png,,,,,,,,,
UNASSIGNED,gs://nflt-alpr-testing/Cars390.png,,,,,,,,,
UNASSIGNED,gs://nflt-alpr-testing/Cars391.png,,,,,,,,,
UNASSIGNED,gs://nflt-alpr-testing/Cars392.png,,,,,,,,,
UNASSIGNED,gs://nflt-alpr-testing/Cars393.png,,,,,,,,,
UNASSIGNED,gs://nflt-alpr-testing/Cars394.png,,,,,,,,,
UNASSIGNED,gs://nflt-alpr-testing/Cars395.png,,,,,,,,,
UNASSIGNED,gs://nflt-alpr-testing/Cars396.png,,,,,,,,,
UNASSIGNED,gs://nflt-alpr-testing/Cars397.png,,,,,,,,,
UNASSIGNED,gs://nflt-alpr-testing/Cars398.png,,,,,,,,,
UNASSIGNED,gs://nflt-alpr-testing/Cars399.png,,,,,,,,,
UNASSIGNED,gs://nflt-alpr-testing/Cars400.png,,,,,,,,,
UNASSIGNED,gs://nflt-alpr-testing/Cars401.png,,,,,,,,,
UNASSIGNED,gs://nflt-alpr-testing/Cars402.png,,,,,,,,,
UNASSIGNED,gs://nflt-alpr-testing/Cars403.png,,,,,,,,,
UNASSIGNED,gs://nflt-alpr-testing/Cars404.png,,,,,,,,,
UNASSIGNED,gs://nflt-alpr-testing/Cars405.png,,,,,,,,,
UNASSIGNED,gs://nflt-alpr-testing/Cars406.png,,,,,,,,,
UNASSIGNED,gs://nflt-alpr-testing/Cars407.png,,,,,,,,,
UNASSIGNED,gs://nflt-alpr-testing/Cars408.png,,,,,,,,,
UNASSIGNED,gs://nflt-alpr-testing/Cars409.png,,,,,,,,,
UNASSIGNED,gs://nflt-alpr-testing/Cars410.png,,,,,,,,,
UNASSIGNED,gs://nflt-alpr-testing/Cars411.png,,,,,,,,,
UNASSIGNED,gs://nflt-alpr-testing/Cars412.png,,,,,,,,,
UNASSIGNED,gs://nflt-alpr-testing/Cars413.png,,,,,,,,,
UNASSIGNED,gs://nflt-alpr-testing/Cars414.png,,,,,,,,,
UNASSIGNED,gs://nflt-alpr-testing/Cars415.png,,,,,,,,,
UNASSIGNED,gs://nflt-alpr-testing/Cars416.png,,,,,,,,,
UNASSIGNED,gs://nflt-alpr-testing/Cars417.png,,,,,,,,,
UNASSIGNED,gs://nflt-alpr-testing/Cars418.png,,,,,,,,,
UNASSIGNED,gs://nflt-alpr-testing/Cars419.png,,,,,,,,,
UNASSIGNED,gs://nflt-alpr-testing/Cars420.png,,,,,,,,,
UNASSIGNED,gs://nflt-alpr-testing/Cars421.png,,,,,,,,,
UNASSIGNED,gs://nflt-alpr-testing/Cars422.png,,,,,,,,,
UNASSIGNED,gs://nflt-alpr-testing/Cars423.png,,,,,,,,,
UNASSIGNED,gs://nflt-alpr-testing/Cars424.png,,,,,,,,,
UNASSIGNED,gs://nflt-alpr-testing/Cars425.png,,,,,,,,,
UNASSIGNED,gs://nflt-alpr-testing/Cars426.png,,,,,,,,,
UNASSIGNED,gs://nflt-alpr-testing/Cars427.png,,,,,,,,,
UNASSIGNED,gs://nflt-alpr-testing/Cars428.png,,,,,,,,,
UNASSIGNED,gs://nflt-alpr-testing/Cars429.png,,,,,,,,,
